"","X","ID","Order","Family","Species","LengthU_MEAN","WingU_MEAN","WingM_MEAN","WingF_MEAN","TailU_MEAN","TailM_MEAN","TailF_MEAN","BillU_MEAN","BillM_MEAN","BillF_MEAN","TarsusU_MEAN","TarsusM_MEAN","TarsusF_MEAN","WeightU_MEAN","WeightM_MEAN","WeightF_MEAN","Sexual.dimorphism","Clutch_MIN","Clutch_MAX","Clutch_MEAN","EggL_MEAN","EggW_MEAN","Egg_MASS","Young","Mating.system","Incubation.period","Age.of.first.breeding","Life.span","Association.outside.the.breeding.season","Territoriality","Sedentary","Facultative.migrant","Short.distance.migrant","Long.distance.migrant","Deciduous.forest","Coniferous.forest","Woodland","Shrub","Savanna","Tundra","Grassland","Mountain.meadows","Reed","Swamps","Desert","Freshwater","Marine","Rocks","Human.settlements","Folivore_Y","Frugivore_Y","Granivore_Y","Arthropods_Y","Other.invertebrates_Y","Fish_Y","Other.vertebrates_Y","Carrion_Y","Omnivore_Y","Folivore_B","Frugivore_B","Granivore_B","Arthropods_B","Other.invertebrates_B","Fish_B","Other.vertebrates_B","Carrion_B","Omnivore_B","Data.source"
"3",3,3,"Accipitriformes","Accipitridae","Accipiter nisus (Linnaeus, 1758)",33,221.5,203,240,164.5,149,180,12.9,11.4,14.4,57.2,53.4,61,204,144,264,1,3,7,4.5,40,32,23,"SA","M",34,2,20,"SO",1,0,0,1,0,1,1,1,0,0,0,0,0,0,0,0,0,0,0,0,0,0,0,0,0,0,1,0,0,0,0,0,0,0,0,1,0,0,"(1) Cramp, S. (2006) The Birds of the Western Palearctic interactive. Oxford University Press and BirdGuides; (2) Fransson, T., Kolehmainen, T., Kroon, C., Jansson, L. & Wenninger, T. (2010) EURING list of longevity records for European birds."
"10",10,10,"Accipitriformes","Accipitridae","Buteo buteo (Linnaeus, 1758)",54,392.5,387,398,211.5,208,215,22.3,21.6,23,75.75,75,76.5,806.5,732,881,0,2,4,3,55,44,53,"SA","M",33,3,29,"SO",1,1,0,1,0,1,1,1,0,0,0,0,0,0,0,0,0,0,0,0,0,0,0,1,1,0,1,0,0,0,0,0,0,0,0,1,0,0,"(1) Cramp, S. (2006) The Birds of the Western Palearctic interactive. Oxford University Press and BirdGuides; (2) Fransson, T., Kolehmainen, T., Kroon, C., Jansson, L. & Wenninger, T. (2010) EURING list of longevity records for European birds."
"15",15,15,"Accipitriformes","Accipitridae","Circus cyaneus (Linnaeus, 1766)",48,357,338,376,228,213,243,16.75,15.5,18,71.9,69.3,74.5,436.5,346,527,1,4,8,5,46,36,31,"SA","M,PG",30,3,17,"SO",0,0,0,1,0,0,0,0,1,0,0,1,0,0,1,0,0,0,0,0,0,0,0,0,0,0,1,0,0,0,0,0,0,0,0,1,0,0,"(1) Cramp, S. (2006) The Birds of the Western Palearctic interactive. Oxford University Press and BirdGuides; (2) Fransson, T., Kolehmainen, T., Kroon, C., Jansson, L. & Wenninger, T. (2010) EURING list of longevity records for European birds."
"34",34,34,"Anseriformes","Anatidae","Anas crecca Linnaeus, 1758",36,183.5,187,180,65.8,66.9,64.7,35.65,36.4,34.9,30.1,30.4,29.8,368,360,376,1,7,15,9.5,45,33,29,"PR","M",22,1,22,"GR",0,0,0,1,0,0,0,0,0,0,1,1,0,0,0,0,1,0,0,0,1,0,1,1,1,0,0,0,1,1,0,0,0,1,0,0,0,1,"(1) Cramp, S. (2006) The Birds of the Western Palearctic interactive. Oxford University Press and BirdGuides; (2) Fransson, T., Kolehmainen, T., Kroon, C., Jansson, L. & Wenninger, T. (2010) EURING list of longevity records for European birds."
"35",35,35,"Anseriformes","Anatidae","Anas platyrhynchos Linnaeus, 1758",57.5,272,279,265,85.15,85.8,84.5,53.6,55.4,51.8,44.35,45.3,43.4,1119,1142,1096,1,4,18,11,57,41,51,"PR","M",27,1,23,"GR",0,0,0,1,0,0,0,0,0,0,0,0,0,0,0,0,1,0,0,0,1,0,1,1,1,0,0,0,1,1,0,0,1,1,0,0,0,1,"(1) Cramp, S. (2006) The Birds of the Western Palearctic interactive. Oxford University Press and BirdGuides; (2) Fransson, T., Kolehmainen, T., Kroon, C., Jansson, L. & Wenninger, T. (2010) EURING list of longevity records for European birds."
"37",37,37,"Anseriformes","Anatidae","Anser anser (Linnaeus, 1758)",82.5,453.5,465,442,134,139,129,64.05,66.6,61.5,81.75,84.7,78.8,3347,3578,3116,0,3,12,5,85.5,58,156,"PR","M",28,3,23,"GR",1,0,0,1,0,0,0,0,0,0,1,1,0,0,1,0,1,0,0,0,1,0,0,0,0,0,0,0,0,1,0,0,0,0,0,0,0,0,"(1) Cramp, S. (2006) The Birds of the Western Palearctic interactive. Oxford University Press and BirdGuides."
"42",42,42,"Anseriformes","Anatidae","Aythya fuligula (Linnaeus, 1758)",43.5,202.5,206,199,53.2,53.7,52.7,39.25,39.9,38.6,35.1,35.5,34.7,765.5,813,718,1,3,14,9.5,59,41,53,"PR","M",25,1,45,"GR",0,0,0,1,0,0,0,0,0,0,0,0,0,0,0,0,1,0,0,0,1,0,1,1,1,0,0,0,1,1,0,0,1,1,0,0,0,1,"(1) Cramp, S. (2006) The Birds of the Western Palearctic interactive. Oxford University Press and BirdGuides; (2) Fransson, T., Kolehmainen, T., Kroon, C., Jansson, L. & Wenninger, T. (2010) EURING list of longevity records for European birds."
"48",48,48,"Anseriformes","Anatidae","Bucephala clangula (Linnaeus, 1758)",46,211.5,220,203,81.05,84.6,77.5,31.35,33.3,29.4,36.95,38.8,35.1,840,964,716,1,5,13,9.5,59,43,63,"PR","M",30,2,17,"GR",1,0,0,1,0,0,1,0,0,0,1,0,0,0,0,0,1,0,0,0,0,0,0,0,1,0,0,0,0,0,0,0,0,1,0,0,0,0,"(1) Cramp, S. (2006) The Birds of the Western Palearctic interactive. Oxford University Press and BirdGuides; (2) Fransson, T., Kolehmainen, T., Kroon, C., Jansson, L. & Wenninger, T. (2010) EURING list of longevity records for European birds."
"53",53,53,"Anseriformes","Anatidae","Cygnus olor (Gmelin, 1789)",152.5,605.5,624,587,217.5,224,211,78.35,80.9,75.8,110.3,114.4,106.2,11150,12300,10000,0,3,9,5.8,113,74,347,"PR","M",36,4,29,"GR",1,1,0,1,0,0,0,0,0,0,0,0,0,0,0,0,1,0,0,0,1,0,0,0,0,0,0,0,0,1,0,0,0,0,0,0,0,0,"(1) Cramp, S. (2006) The Birds of the Western Palearctic interactive. Oxford University Press and BirdGuides; (2) Fransson, T., Kolehmainen, T., Kroon, C., Jansson, L. & Wenninger, T. (2010) EURING list of longevity records for European birds."
"73",73,73,"Caprimulgiformes","Apodidae","Apus apus (Linnaeus, 1758)",16.5,173,173,173,75.05,75.8,74.3,6.6,6.6,6.6,11.1,10.9,11.3,40,41,39,0,1,4,2.5,25,16,3.6,"AL","M",21,4,21,"GR",1,0,0,0,1,0,0,0,0,0,0,0,0,0,0,0,0,0,1,1,0,0,0,1,0,0,0,0,0,0,0,0,1,0,0,0,0,0,"(1) Cramp, S. (2006) The Birds of the Western Palearctic interactive. Oxford University Press and BirdGuides."
"80",80,80,"Ciconiiformes","Ciconiidae","Ciconia ciconia (Linnaeus, 1758)",107.5,570,580,560,227,227,227,162.5,170,155,220,220,220,3245.5,3341,3150,0,1,7,4,73,52,111,"SA","M",34,4,39,"GR",1,0,0,0,1,0,0,0,1,0,0,1,0,0,1,0,1,0,0,0,0,0,0,1,1,1,1,0,0,0,0,0,1,0,0,1,0,0,"(1) Cramp, S. (2006) The Birds of the Western Palearctic interactive. Oxford University Press and BirdGuides; (2) Fransson, T., Kolehmainen, T., Kroon, C., Jansson, L. & Wenninger, T. (2010) EURING list of longevity records for European birds."
"82",82,82,"Columbiformes","Columbidae","Columba livia Gmelin, 1789",32.5,222,226,218,112.5,114,111,18.8,19,18.6,28.25,30.6,25.9,334,363,305,0,1,2,2,39,29,18,"SA","M",18,1,8,"GR",1,1,0,0,0,0,0,0,0,0,0,1,0,0,0,0,0,1,1,1,0,0,1,0,0,0,0,0,0,0,0,1,0,0,0,0,0,0,"(1) Cramp, S. (2006) The Birds of the Western Palearctic interactive. Oxford University Press and BirdGuides; (2) Fransson, T., Kolehmainen, T., Kroon, C., Jansson, L. & Wenninger, T. (2010) EURING list of longevity records for European birds."
"83",83,83,"Columbiformes","Columbidae","Columba oenas Linnaeus, 1758",33,219,222,216,116,118,114,19.35,19.6,19.1,29.4,29.6,29.2,292,304,280,0,1,2,2,38,29,17,"SA","M",17,1,13,"GR",0,1,0,1,0,1,1,1,0,0,0,0,0,0,0,0,0,0,0,0,1,0,1,0,0,0,0,0,0,1,0,1,0,0,0,0,0,0,"(1) Cramp, S. (2006) The Birds of the Western Palearctic interactive. Oxford University Press and BirdGuides."
"84",84,84,"Columbiformes","Columbidae","Columba palumbus Linnaeus, 1758",41,251,252,250,162.5,165,160,21.25,21.4,21.1,32.75,32.8,32.7,496.5,497,496,0,1,3,1.5,41,29,19,"SA","M",17,1,18,"GR",1,0,0,1,0,1,1,1,0,0,0,0,0,0,0,0,0,0,0,1,1,1,1,0,0,0,0,0,0,1,1,1,0,0,0,0,0,0,"(1) Cramp, S. (2006) The Birds of the Western Palearctic interactive. Oxford University Press and BirdGuides; (2) Fransson, T., Kolehmainen, T., Kroon, C., Jansson, L. & Wenninger, T. (2010) EURING list of longevity records for European birds."
"87",87,87,"Columbiformes","Columbidae","Streptopelia decaocto (Frivaldszky, 1838)",32,179.5,182,177,139,142,136,16.75,16.9,16.6,25.05,25.4,24.7,195,196,194,0,1,2,2,31,24,9.6,"SA","M",15,1,18,"GR",1,1,0,0,0,0,0,0,0,0,0,0,0,0,0,0,0,0,0,1,0,1,1,0,0,0,0,0,0,0,1,1,0,0,0,0,0,0,"(1) Cramp, S. (2006) The Birds of the Western Palearctic interactive. Oxford University Press and BirdGuides; (2) Fransson, T., Kolehmainen, T., Kroon, C., Jansson, L. & Wenninger, T. (2010) EURING list of longevity records for European birds."
"88",88,88,"Columbiformes","Columbidae","Streptopelia turtur (Linnaeus, 1758)",27,175.5,179,172,114.5,116,113,16.4,16.8,16,23.25,23.6,22.9,144,144,144,0,1,2,1.5,29,22,8,"SA","M",14,1,13,"PA,SO",0,0,0,0,1,0,0,1,0,0,0,0,0,0,0,0,0,0,0,0,0,1,1,0,0,0,0,0,0,0,1,1,0,0,0,0,0,0,"(1) Cramp, S. (2006) The Birds of the Western Palearctic interactive. Oxford University Press and BirdGuides."
"89",89,89,"Coraciiformes","Alcedinidae","Alcedo atthis (Linnaeus, 1758)",16.5,76.5,76.4,76.6,36.8,36.5,37.1,43.75,44.6,42.9,10.2,10.2,10.2,43.5,42,45,0,4,8,6.5,23,19,4.2,"AL","M",20,1,21,"SO",1,1,0,1,0,0,0,0,0,0,0,0,0,0,0,0,1,0,0,0,0,0,0,0,0,1,0,0,0,0,0,0,0,0,1,0,0,0,"(1) Cramp, S. (2006) The Birds of the Western Palearctic interactive. Oxford University Press and BirdGuides; (2) Fransson, T., Kolehmainen, T., Kroon, C., Jansson, L. & Wenninger, T. (2010) EURING list of longevity records for European birds."
"95",95,95,"Cuculiformes","Cuculidae","Cuculus canorus Linnaeus, 1758",33,221.5,226,217,174.5,178,171,27.5,28,27,22.5,22.8,22.2,111,116,106,0,1,25,9.2,22,17,3.4,"AL","PM",12,2,13,"SO",1,0,0,0,1,1,1,1,1,0,0,1,0,1,1,0,0,0,0,0,0,0,0,1,1,0,0,0,0,0,0,0,1,1,0,0,0,0,"(1) Cramp, S. (2006) The Birds of the Western Palearctic interactive. Oxford University Press and BirdGuides; (2) Fransson, T., Kolehmainen, T., Kroon, C., Jansson, L. & Wenninger, T. (2010) EURING list of longevity records for European birds."
"98",98,98,"Falconiformes","Falconidae","Falco columbarius Linnaeus, 1758",27.5,213,204,222,126.5,121,132,13.15,12.4,13.9,36.95,36,37.9,202,180,224,1,1,7,4,40,31,21.5,"SA","M",30,1,13,"SO",1,0,0,1,0,0,0,0,0,0,0,1,0,0,0,0,0,0,0,0,0,0,0,0,0,0,1,0,0,0,0,0,0,0,0,1,0,0,"(1) Cramp, S. (2006) The Birds of the Western Palearctic interactive. Oxford University Press and BirdGuides; (2) Fransson, T., Kolehmainen, T., Kroon, C., Jansson, L. & Wenninger, T. (2010) EURING list of longevity records for European birds."
"102",102,102,"Falconiformes","Falconidae","Falco peregrinus Tunstall, 1771",42,332.5,309,356,158.5,144,173,22,20,24,50.2,46.9,53.5,893,665,1121,0,2,6,3.5,53,42,42.5,"SA","M",31,2,17,"SO",1,1,0,1,0,0,0,1,0,0,0,1,0,0,0,0,0,0,1,0,0,0,0,0,0,0,1,0,0,0,0,0,0,0,0,1,0,0,"(1) Cramp, S. (2006) The Birds of the Western Palearctic interactive. Oxford University Press and BirdGuides; (2) Fransson, T., Kolehmainen, T., Kroon, C., Jansson, L. & Wenninger, T. (2010) EURING list of longevity records for European birds."
"105",105,105,"Falconiformes","Falconidae","Falco tinnunculus Linnaeus, 1758",33.5,251,246,256,167,163,171,14.5,14,15,40,40,40,234,199,269,1,1,9,4.5,39,31,20,"SA","M",28,1,20,"SO",0,0,0,0,1,0,0,0,0,1,0,1,0,0,0,0,0,0,0,1,0,0,0,1,0,0,1,0,0,0,0,0,0,0,0,1,0,0,"(1) Cramp, S. (2006) The Birds of the Western Palearctic interactive. Oxford University Press and BirdGuides; (2) Fransson, T., Kolehmainen, T., Kroon, C., Jansson, L. & Wenninger, T. (2010) EURING list of longevity records for European birds."
"124",124,124,"Galiiformes","Phasianidae","Phasianus colchicus Linnaeus, 1758",71,235,247,223,383,466,300,40.7,40.7,40.7,71.7,71.7,71.7,1134,1317,951,1,2,18,11.5,45,36,33,"PR","M,PG",26,1,8,"GR",1,1,0,0,0,0,0,1,0,0,0,1,0,0,0,0,0,0,0,0,1,1,1,1,1,0,0,0,1,0,1,1,0,1,0,0,0,1,"(1) Cramp, S. (2006) The Birds of the Western Palearctic interactive. Oxford University Press and BirdGuides; (3) Myhrvold, N.P., Baldridge, E., Chan, B., Sivam, D., Freeman, D.L. & Ernest, S.K.M. (2015). An amniote life-history database to perform comparative analyses with birds, mammals, and reptiles. Ecology 96:3109.  "
"135",135,135,"Gruiformes","Rallidae","Crex crex (Linnaeus, 1758)",28.5,140,144,136,45.75,47.1,44.4,20.95,21.4,20.5,39.05,40,38.1,163,163,163,0,6,14,10,37,26,13,"PR","M",17,1,12,"SO",1,0,0,0,1,0,0,0,0,0,0,1,1,0,0,0,0,0,0,0,1,0,1,1,1,0,0,0,1,0,0,1,1,1,0,0,0,1,"(1) Cramp, S. (2006) The Birds of the Western Palearctic interactive. Oxford University Press and BirdGuides."
"138",138,138,"Gruiformes","Rallidae","Gallinula chloropus (Linnaeus, 1758)",33.5,180.5,185,176,74.4,74.7,74.1,25.4,26.3,24.5,49.45,51.3,47.6,348.5,359,338,0,2,13,7,43,31,25,"PR","M",22,1,19,"SO",1,1,0,1,0,0,0,1,0,0,0,0,0,0,0,0,1,0,0,0,1,1,1,1,1,0,0,0,1,0,0,1,1,1,0,0,0,1,"(1) Cramp, S. (2006) The Birds of the Western Palearctic interactive. Oxford University Press and BirdGuides; (2) Fransson, T., Kolehmainen, T., Kroon, C., Jansson, L. & Wenninger, T. (2010) EURING list of longevity records for European birds."
"141",141,141,"Gruiformes","Rallidae","Rallus aquaticus Linnaeus, 1758",25.5,120.5,124,117,50.7,53,48.4,39.2,41.4,37,40.55,42.6,38.5,129.5,127,132,0,5,16,8.5,36,26,13,"PR","M",21,1,9,"SO",1,1,0,1,0,0,0,0,0,0,0,0,0,1,1,0,1,0,0,0,1,1,1,1,1,1,1,1,1,1,0,1,1,1,0,0,0,1,"(1) Cramp, S. (2006) The Birds of the Western Palearctic interactive. Oxford University Press and BirdGuides; (2) Fransson, T., Kolehmainen, T., Kroon, C., Jansson, L. & Wenninger, T. (2010) EURING list of longevity records for European birds."
"153",153,153,"Charadriiformes","Haematopodidae","Haematopus ostralegus Linnaeus, 1758",42.5,259,257,261,104.5,104,105,74.5,70,79,50.8,50.1,51.5,510,510,510,0,1,4,3,57,40,47,"PR","M",26,4,43,"GR",1,0,0,1,0,0,0,0,0,0,0,0,0,0,0,0,1,1,0,0,0,0,0,0,1,0,0,0,0,0,0,0,0,1,0,0,0,0,"(1) Cramp, S. (2006) The Birds of the Western Palearctic interactive. Oxford University Press and BirdGuides; (2) Fransson, T., Kolehmainen, T., Kroon, C., Jansson, L. & Wenninger, T. (2010) EURING list of longevity records for European birds."
"160",160,160,"Charadriiformes","Charadriidae","Pluvialis apricaria (Linnaeus, 1758)",27.5,188.5,188,189,72,72,72,22.5,22.5,22.5,41.05,41.3,40.8,206,186,226,0,2,5,4,52,35,35,"PR","M",30,1,13,"GR",1,0,0,1,0,0,0,0,0,0,1,0,0,0,0,0,0,0,0,0,1,0,0,1,1,0,0,0,0,0,0,0,1,1,0,0,0,0,"(1) Cramp, S. (2006) The Birds of the Western Palearctic interactive. Oxford University Press and BirdGuides; (2) Fransson, T., Kolehmainen, T., Kroon, C., Jansson, L. & Wenninger, T. (2010) EURING list of longevity records for European birds."
"165",165,165,"Charadriiformes","Charadriidae","Vanellus vanellus (Linnaeus, 1758)",29.5,226.5,229,224,103.5,106,101,24,24.1,23.9,47.2,47.4,47,218.5,211,226,0,2,5,4,47,33,26,"PR","M,PG",28,2,25,"GR",1,0,0,1,0,0,0,0,0,0,0,1,0,0,0,0,0,0,0,0,0,0,0,1,1,0,0,0,0,0,0,0,1,1,0,0,0,0,"(1) Cramp, S. (2006) The Birds of the Western Palearctic interactive. Oxford University Press and BirdGuides; (2) Fransson, T., Kolehmainen, T., Kroon, C., Jansson, L. & Wenninger, T. (2010) EURING list of longevity records for European birds."
"172",172,172,"Charadriiformes","Laridae","Larus argentatus Pontoppidan, 1763",61,432,445,419,170,175,165,53,55,51,65,67,63,1054,1149,959,0,2,4,3,71.5,49.5,88,"PR","M",29,5,35,"GR",1,0,0,1,0,0,0,0,0,0,0,0,0,0,0,0,0,1,1,1,1,1,1,1,1,1,1,1,1,0,0,0,1,1,1,1,1,1,"(1) Cramp, S. (2006) The Birds of the Western Palearctic interactive. Oxford University Press and BirdGuides; (2) Fransson, T., Kolehmainen, T., Kroon, C., Jansson, L. & Wenninger, T. (2010) EURING list of longevity records for European birds."
"175",175,175,"Charadriiformes","Laridae","Larus canus Linnaeus, 1758",43,363,369,357,138.75,142.5,135,35.25,36.9,33.6,51.7,53.5,49.9,394.5,421,368,0,2,5,3,58,41,51,"PR","M",26,3,34,"GR",1,0,0,1,0,0,0,0,0,0,0,0,0,0,0,0,1,1,0,0,0,0,0,1,1,1,0,1,0,0,0,0,1,1,1,0,0,0,"(1) Cramp, S. (2006) The Birds of the Western Palearctic interactive. Oxford University Press and BirdGuides; (2) Fransson, T., Kolehmainen, T., Kroon, C., Jansson, L. & Wenninger, T. (2010) EURING list of longevity records for European birds."
"176",176,176,"Charadriiformes","Laridae","Larus fuscus Linnaeus, 1758",59.5,419.5,431,408,155,160,150,50,52,48,61,63,59,824,905,743,0,1,4,3,68,47,78,"PR","M",26,4,35,"GR",1,0,0,1,0,0,0,0,0,0,0,0,0,0,0,0,1,1,0,1,1,1,1,1,1,1,1,0,1,0,0,0,1,1,1,0,1,1,"(1) Cramp, S. (2006) The Birds of the Western Palearctic interactive. Oxford University Press and BirdGuides; (2) Fransson, T., Kolehmainen, T., Kroon, C., Jansson, L. & Wenninger, T. (2010) EURING list of longevity records for European birds."
"181",181,181,"Charadriiformes","Laridae","Larus marinus Linnaeus, 1758",71,486,500,472,188,195,181,60.8,64,57.6,75,78.4,71.6,1658.5,1829,1488,0,1,5,2.5,78,53,117,"PR","M",28,5,29,"SO,GR",1,0,0,1,0,0,0,0,0,0,0,0,0,0,0,0,0,1,1,0,0,1,1,1,1,1,1,1,1,0,0,0,1,1,1,1,1,1,"(1) Cramp, S. (2006) The Birds of the Western Palearctic interactive. Oxford University Press and BirdGuides; (2) Fransson, T., Kolehmainen, T., Kroon, C., Jansson, L. & Wenninger, T. (2010) EURING list of longevity records for European birds."
"184",184,184,"Charadriiformes","Laridae","Chroicocephalus ridibundus (Linnaeus, 1766)",35.5,300.5,306,295,115,117,113,32.5,33.4,31.6,44,44.6,43.4,267.5,295,240,0,1,4,2.5,52,37,36,"PR","M",25,2,31,"GR",1,0,0,1,0,0,0,0,0,0,0,0,0,0,1,0,1,1,0,0,0,0,0,1,1,1,0,1,1,0,0,0,1,1,0,0,1,0,"(1) Cramp, S. (2006) The Birds of the Western Palearctic interactive. Oxford University Press and BirdGuides; (2) Fransson, T., Kolehmainen, T., Kroon, C., Jansson, L. & Wenninger, T. (2010) EURING list of longevity records for European birds."
"200",200,200,"Charadriiformes","Scolopacidae","Calidris alpina (Linnaeus, 1758)",18,115.5,114,117,47.95,47.9,48,31.5,30,33,24.5,24,25,45,43,47,0,2,6,4,34,25,10,"PR","M",22,2,29,"GR",1,0,0,1,0,0,0,0,0,0,1,0,0,0,0,0,1,1,0,0,0,0,0,1,1,0,0,0,0,0,0,0,1,1,0,0,0,0,"(1) Cramp, S. (2006) The Birds of the Western Palearctic interactive. Oxford University Press and BirdGuides; (2) Fransson, T., Kolehmainen, T., Kroon, C., Jansson, L. & Wenninger, T. (2010) EURING list of longevity records for European birds."
"208",208,208,"Charadriiformes","Scolopacidae","Gallinago gallinago (Linnaeus, 1758)",26,134,134,134,58,58,58,67.55,66.6,68.5,32.6,32.4,32.8,120,120,120,0,2,5,4,39,29,17,"PR","M,PM",19,2,16,"GR",1,0,0,1,1,0,0,0,0,0,1,0,0,0,1,0,1,0,0,0,0,0,0,1,1,0,0,0,0,0,0,0,1,1,0,0,0,0,"(1) Cramp, S. (2006) The Birds of the Western Palearctic interactive. Oxford University Press and BirdGuides; (2) Fransson, T., Kolehmainen, T., Kroon, C., Jansson, L. & Wenninger, T. (2010) EURING list of longevity records for European birds."
"212",212,212,"Charadriiformes","Scolopacidae","Limosa limosa (Linnaeus, 1758)",42,213.5,209,218,75.9,75.8,76,99.05,91.6,106.5,77.05,72.9,81.2,311,279,343,0,3,5,4,55,37,41,"PR","M",23,2,24,"GR",1,0,0,0,1,0,0,0,0,0,0,1,0,0,1,0,0,0,0,0,0,0,0,1,1,0,0,0,0,0,0,0,1,1,0,0,0,0,"(1) Cramp, S. (2006) The Birds of the Western Palearctic interactive. Oxford University Press and BirdGuides; (2) Fransson, T., Kolehmainen, T., Kroon, C., Jansson, L. & Wenninger, T. (2010) EURING list of longevity records for European birds."
"213",213,213,"Charadriiformes","Scolopacidae","Lymnocryptes minimus (Brunnich, 1764)",18,112,114,110,50.5,52,49,40.2,40.3,40.1,23.9,23.8,24,55,60,50,0,3,4,4,39,27,14,"PR","M",24,1,12,"SO",0,0,0,1,1,0,0,0,0,0,1,0,0,0,1,0,0,0,0,0,0,0,1,1,1,0,0,0,0,0,0,1,1,1,0,0,0,0,"(1) Cramp, S. (2006) The Birds of the Western Palearctic interactive. Oxford University Press and BirdGuides; (2) Fransson, T., Kolehmainen, T., Kroon, C., Jansson, L. & Wenninger, T. (2010) EURING list of longevity records for European birds; (3) Myhrvold, N.P., Baldridge, E., Chan, B., Sivam, D., Freeman, D.L. & Ernest, S.K.M. (2015). An amniote life-history database to perform comparative analyses with birds, mammals, and reptiles. Ecology 96:3109.  "
"214",214,214,"Charadriiformes","Scolopacidae","Numenius arquata (Linnaeus, 1758)",55,302,293,311,111,109,113,132.5,120,145,81.3,78.8,83.8,725,662,788,0,2,5,4,68,48,77,"PR","M",28,2,32,"SO,GR",1,0,0,1,1,0,0,0,0,0,1,1,0,0,1,0,0,0,0,0,1,1,1,1,1,0,0,0,1,0,0,0,1,1,0,0,0,0,"(1) Cramp, S. (2006) The Birds of the Western Palearctic interactive. Oxford University Press and BirdGuides."
"218",218,218,"Charadriiformes","Scolopacidae","Scolopax rusticola Linnaeus, 1758",34,197,198,196,83.5,85,82,72.6,71.5,73.7,36.15,35.7,36.6,312,301,323,0,2,5,4,44,34,24.5,"PR","M,PG,PM",22,2,16,"SO",0,0,0,1,0,1,1,1,0,0,0,0,0,0,1,0,0,0,0,0,1,0,1,1,1,0,0,0,0,0,0,0,1,1,0,0,0,0,"(1) Cramp, S. (2006) The Birds of the Western Palearctic interactive. Oxford University Press and BirdGuides; (2) Fransson, T., Kolehmainen, T., Kroon, C., Jansson, L. & Wenninger, T. (2010) EURING list of longevity records for European birds."
"224",224,224,"Charadriiformes","Scolopacidae","Tringa totanus (Linnaeus, 1758)",28,161.5,160,163,65,65,65,41.5,41,42,48,47,49,121,114,128,0,3,5,4,45,32,23,"PR","M",24,1,27,"SO,GR",0,0,0,1,1,0,0,0,0,0,0,1,0,0,1,0,0,0,0,0,0,0,0,1,1,0,0,0,0,0,0,0,1,1,0,0,0,0,"(1) Cramp, S. (2006) The Birds of the Western Palearctic interactive. Oxford University Press and BirdGuides; (2) Fransson, T., Kolehmainen, T., Kroon, C., Jansson, L. & Wenninger, T. (2010) EURING list of longevity records for European birds."
"240",240,240,"Passeriformes","Acrocephalidae","Acrocephalus schoenobaenus (Linnaeus, 1758)",13,65.95,67.2,64.7,47,47.3,46.7,14.7,14.8,14.6,21.1,21.4,20.8,11.9,12.3,11.5,0,3,8,5.5,17.8,13.4,1.65,"AL","M",14,1,12,"SO",1,0,0,0,1,0,0,0,1,0,0,0,0,1,1,0,1,0,0,0,0,0,0,1,0,0,0,0,0,0,0,0,1,0,0,0,0,0,"(1) Cramp, S. (2006) The Birds of the Western Palearctic interactive. Oxford University Press and BirdGuides; (2) Fransson, T., Kolehmainen, T., Kroon, C., Jansson, L. & Wenninger, T. (2010) EURING list of longevity records for European birds."
"246",246,246,"Passeriformes","Aegithalidae","Aegithalos caudatus (Linnaeus, 1758)",14,60,60.6,59.4,79.75,80.4,79.1,7.475,7.55,7.4,16.6,16.7,16.5,8.5,8.5,8.5,0,6,15,10,14,10.9,0.9,"AL","M",16,1,11,"GR",0,1,0,0,0,1,0,1,1,0,0,0,0,0,0,0,0,0,0,0,0,0,0,1,1,0,0,0,0,0,0,0,1,1,0,0,0,0,"(1) Cramp, S. (2006) The Birds of the Western Palearctic interactive. Oxford University Press and BirdGuides; (2) Fransson, T., Kolehmainen, T., Kroon, C., Jansson, L. & Wenninger, T. (2010) EURING list of longevity records for European birds."
"247",247,247,"Passeriformes","Alaudidae","Alauda arvensis Linnaeus, 1758",18.5,109.75,114.5,105,63.85,66.2,61.5,15.2,15.6,14.8,24.45,24.9,24,38.5,42,35,0,3,7,4,23.4,16.8,3.35,"AL","M",11,1,10,"GR,SO",1,1,0,1,0,0,0,0,0,0,0,1,1,0,0,0,0,0,0,0,0,0,1,1,1,0,0,0,0,0,0,1,1,1,0,0,0,0,"(1) Cramp, S. (2006) The Birds of the Western Palearctic interactive. Oxford University Press and BirdGuides; (2) Fransson, T., Kolehmainen, T., Kroon, C., Jansson, L. & Wenninger, T. (2010) EURING list of longevity records for European birds."
"257",257,257,"Passeriformes","Bombycillidae","Bombycilla garrulus (Linnaeus, 1758)",18,118.05,118,118.1,61.5,62.4,60.6,17.8,17.8,17.8,20.6,20.8,20.4,62.4,63.4,61.4,0,4,7,5.5,23.8,17.5,3.8,"AL","M",15,1,13,"GR",0,0,0,1,0,0,1,0,0,0,0,0,0,0,0,0,0,0,0,0,0,1,0,1,0,0,0,0,0,0,0,0,1,0,0,0,0,0,"(1) Cramp, S. (2006) The Birds of the Western Palearctic interactive. Oxford University Press and BirdGuides; (3) Myhrvold, N.P., Baldridge, E., Chan, B., Sivam, D., Freeman, D.L. & Ernest, S.K.M. (2015). An amniote life-history database to perform comparative analyses with birds, mammals, and reptiles. Ecology 96:3109.  "
"259",259,259,"Passeriformes","Calcariidae","Plectrophenax nivalis (Linnaeus, 1758)",16.5,106.9,110,103.8,60.75,63.7,57.8,14.35,14.6,14.1,21.1,21.2,21,37.35,38.7,36,1,3,8,5,22.8,16.4,3.16,"AL","M",13,1,10,"GR",1,0,0,1,0,0,0,0,0,0,1,0,0,0,0,0,0,0,1,0,0,0,1,1,0,0,0,0,0,0,0,1,0,0,0,0,0,0,"(1) Cramp, S. (2006) The Birds of the Western Palearctic interactive. Oxford University Press and BirdGuides; (2) Fransson, T., Kolehmainen, T., Kroon, C., Jansson, L. & Wenninger, T. (2010) EURING list of longevity records for European birds."
"261",261,261,"Passeriformes","Certhiidae","Certhia familiaris Linnaeus, 1758",12.5,63.45,64.7,62.2,59.85,60.7,59,16.55,17.3,15.8,15.3,15.3,15.3,9.1,9.1,9.1,0,3,9,5.5,15.9,12.05,1.14,"AL","M",15,1,8,"SO",1,1,0,0,0,1,1,0,0,0,0,0,0,0,0,0,0,0,0,0,0,0,1,1,1,0,0,0,0,0,0,0,1,1,0,0,0,0,"(1) Cramp, S. (2006) The Birds of the Western Palearctic interactive. Oxford University Press and BirdGuides; (3) Myhrvold, N.P., Baldridge, E., Chan, B., Sivam, D., Freeman, D.L. & Ernest, S.K.M. (2015). An amniote life-history database to perform comparative analyses with birds, mammals, and reptiles. Ecology 96:3109. "
"264",264,264,"Passeriformes","Corvidae","Corvus corax Linnaeus, 1758",64,421.4,430.4,412.4,228.55,230,227.1,76.3,78.1,74.5,69.65,70.7,68.6,1217.5,1319,1116,0,2,7,5,49.7,33.9,29.6,"AL","M",21,3,23,"SO,PA,GR",1,1,0,0,0,1,1,0,0,0,0,0,0,0,0,0,0,0,1,0,0,1,1,1,1,0,1,1,1,0,1,1,1,1,0,1,1,1,"(1) Cramp, S. (2006) The Birds of the Western Palearctic interactive. Oxford University Press and BirdGuides; (2) Fransson, T., Kolehmainen, T., Kroon, C., Jansson, L. & Wenninger, T. (2010) EURING list of longevity records for European birds."
"265",265,265,"Passeriformes","Corvidae","Corvus cornix Linnaeus, 1758",46,323.9,330.4,317.4,184.15,188.4,179.9,55.6,58.05,53.15,59.725,62,57.45,526.85,556,497.7,0,2,7,4.5,42.5,29.5,19.1,"AL","M",19,2,19,"SO,PA,GR",1,1,0,0,0,0,0,1,0,0,0,0,0,0,0,0,0,0,0,1,0,0,1,1,1,0,1,1,1,0,0,1,1,1,0,1,1,1,"(1) Cramp, S. (2006) The Birds of the Western Palearctic interactive. Oxford University Press and BirdGuides."
"266",266,266,"Passeriformes","Corvidae","Corvus frugilegus Linnaeus, 1758",45,314.75,322.9,306.6,170.95,176.8,165.1,59.65,61.7,57.6,55.5,56.9,54.1,459,487,431,0,1,7,4,39.8,29.9,16,"AL","M",17,2,23,"GR",0,1,0,1,0,1,1,1,0,0,0,0,0,0,0,0,0,0,0,1,0,0,1,1,1,0,1,1,1,0,0,1,1,1,0,1,1,1,"(1) Cramp, S. (2006) The Birds of the Western Palearctic interactive. Oxford University Press and BirdGuides; (2) Fransson, T., Kolehmainen, T., Kroon, C., Jansson, L. & Wenninger, T. (2010) EURING list of longevity records for European birds."
"267",267,267,"Passeriformes","Corvidae","Corvus monedula Linnaeus, 1758",33.5,234.95,239.2,230.7,127.2,130.1,124.3,35.4,36.3,34.5,45.2,46.2,44.2,236,242.7,229.3,0,2,8,5,35,25,11.3,"AL","M",18,2,20,"GR",1,1,0,0,0,0,0,1,0,0,0,0,0,0,0,0,0,0,0,1,0,1,1,1,1,0,0,1,1,0,1,1,1,1,0,0,1,1,"(1) Cramp, S. (2006) The Birds of the Western Palearctic interactive. Oxford University Press and BirdGuides; (2) Fransson, T., Kolehmainen, T., Kroon, C., Jansson, L. & Wenninger, T. (2010) EURING list of longevity records for European birds."
"269",269,269,"Passeriformes","Corvidae","Garrulus glandarius (Linnaeus, 1758)",34.5,182.1,184.4,179.8,145.35,148,142.7,33.4,33.8,33,43.1,43.5,42.7,164.4,167.4,161.4,0,3,10,6,31.8,23.2,8.74,"AL","M",17,2,17,"PA",1,1,0,0,0,1,1,0,0,0,0,0,0,0,0,0,0,0,0,0,0,1,1,1,1,0,0,0,0,0,1,1,1,1,0,0,0,0,"(1) Cramp, S. (2006) The Birds of the Western Palearctic interactive. Oxford University Press and BirdGuides; (2) Fransson, T., Kolehmainen, T., Kroon, C., Jansson, L. & Wenninger, T. (2010) EURING list of longevity records for European birds."
"272",272,272,"Passeriformes","Corvidae","Pica pica (Linnaeus, 1758)",45,194.65,200.4,188.9,248.95,257.4,240.5,39.1,40.4,37.8,50.45,51.7,49.2,228,236,220,0,3,10,6,33.7,24.1,10.1,"AL","M,PM",22,2,22,"SO,GR",1,1,0,0,0,1,1,1,0,0,0,0,0,0,0,0,0,0,0,1,0,1,1,1,1,0,0,1,1,0,1,1,1,1,0,0,1,1,"(1) Cramp, S. (2006) The Birds of the Western Palearctic interactive. Oxford University Press and BirdGuides; (2) Fransson, T., Kolehmainen, T., Kroon, C., Jansson, L. & Wenninger, T. (2010) EURING list of longevity records for European birds."
"282",282,282,"Passeriformes","Emberizidae","Emberiza citrinella Linnaeus, 1758",16.25,87.05,89.1,85,68.85,70.6,67.1,14,14.2,13.8,19.4,19.5,19.3,26.75,26.7,26.8,1,2,6,4,21.4,16.4,2.93,"AL","M",13,1,13,"GR",1,1,0,1,0,0,0,1,1,0,0,1,0,0,0,0,0,0,0,0,0,0,1,1,1,0,0,0,0,0,0,1,1,1,0,0,0,0,"(1) Cramp, S. (2006) The Birds of the Western Palearctic interactive. Oxford University Press and BirdGuides; (2) Fransson, T., Kolehmainen, T., Kroon, C., Jansson, L. & Wenninger, T. (2010) EURING list of longevity records for European birds."
"289",289,289,"Passeriformes","Emberizidae","Emberiza schoeniclus (Linnaeus, 1758)",15.75,78.45,81.2,75.7,62.2,63.8,60.6,12,12.2,11.8,20.3,20.5,20.1,18.8,19.7,17.9,1,3,7,4.5,20,14.9,2.34,"AL","M",13,1,12,"GR",1,1,0,1,0,0,0,0,0,0,1,0,0,1,1,0,0,0,0,0,0,0,1,1,1,0,0,0,0,0,0,1,1,1,0,0,0,0,"(1) Cramp, S. (2006) The Birds of the Western Palearctic interactive. Oxford University Press and BirdGuides; (2) Fransson, T., Kolehmainen, T., Kroon, C., Jansson, L. & Wenninger, T. (2010) EURING list of longevity records for European birds."
"293",293,293,"Passeriformes","Fringillidae","Acanthis flammea (Linnaeus, 1758)",13,72.7,73.7,71.7,53.65,54.1,53.2,11.975,12.05,11.9,14.425,14.45,14.4,13.65,13.5,13.8,1,2,7,5,16.4,12.4,1.3,"AL","M",11,1,12,"GR",1,0,0,1,0,1,1,1,0,0,1,0,1,0,0,0,0,0,0,0,0,0,1,1,1,0,0,0,0,0,0,1,1,1,0,0,0,0,"(1) Cramp, S. (2006) The Birds of the Western Palearctic interactive. Oxford University Press and BirdGuides; (2) Fransson, T., Kolehmainen, T., Kroon, C., Jansson, L. & Wenninger, T. (2010) EURING list of longevity records for European birds."
"294",294,294,"Passeriformes","Fringillidae","Acanthis flammea (Linnaeus, 1758)",14,75.5,76.9,74.1,58.55,59,58.1,11.5,11.6,11.4,14.7,15,14.4,13.15,13.6,12.7,1,3,7,4.5,17.1,12.8,1.44,"AL","M",12,1,12,"GR",0,0,0,1,0,1,1,0,0,0,1,0,0,0,0,0,0,0,0,0,0,0,1,1,1,0,0,0,0,0,0,1,0,0,0,0,0,0,"(1) Cramp, S. (2006) The Birds of the Western Palearctic interactive. Oxford University Press and BirdGuides; (2) Fransson, T., Kolehmainen, T., Kroon, C., Jansson, L. & Wenninger, T. (2010) EURING list of longevity records for European birds."
"297",297,297,"Passeriformes","Fringillidae","Carduelis carduelis (Linnaeus, 1758)",12,76.95,78.4,75.5,46.5,47.2,45.8,15.5,15.9,15.1,14.45,14.6,14.3,15.45,15.4,15.5,0,3,7,5,17,12.8,1.46,"AL","M",12,1,14,"GR",1,1,0,0,0,1,0,1,0,0,0,0,0,0,0,0,0,0,0,1,0,0,1,0,0,0,0,0,0,0,0,1,0,0,0,0,0,0,"(1) Cramp, S. (2006) The Birds of the Western Palearctic interactive. Oxford University Press and BirdGuides; (2) Fransson, T., Kolehmainen, T., Kroon, C., Jansson, L. & Wenninger, T. (2010) EURING list of longevity records for European birds."
"302",302,302,"Passeriformes","Fringillidae","Fringilla coelebs Linnaeus, 1758",14.5,86.75,89.5,84,62.15,64.5,59.8,15,15,15,17.8,18,17.6,22.15,23.5,20.8,1,3,6,4.5,19.6,14.7,2.2,"AL","M",13,1,16,"GR",1,1,0,1,0,1,1,0,0,0,0,0,0,0,0,0,0,0,0,1,0,0,1,1,1,0,0,0,0,0,0,1,1,1,0,0,0,0,"(1) Cramp, S. (2006) The Birds of the Western Palearctic interactive. Oxford University Press and BirdGuides; (2) Fransson, T., Kolehmainen, T., Kroon, C., Jansson, L. & Wenninger, T. (2010) EURING list of longevity records for European birds."
"303",303,303,"Passeriformes","Fringillidae","Fringilla montifringilla Linnaeus, 1758",14,90.25,93.2,87.3,64.15,66.3,62,15.5,15.6,15.4,18.7,18.8,18.6,22.9,22.6,23.2,1,3,8,6,19.4,14.5,2.14,"AL","M",12,1,15,"GR",1,0,0,1,0,1,1,0,0,0,0,0,0,0,0,0,0,0,0,0,0,1,1,1,1,0,0,0,0,0,1,1,1,1,0,0,0,0,"(1) Cramp, S. (2006) The Birds of the Western Palearctic interactive. Oxford University Press and BirdGuides."
"304",304,304,"Passeriformes","Fringillidae","Chloris chloris (Linnaeus, 1758)",15,87.05,88.3,85.8,56.4,57.2,55.6,16.65,16.7,16.6,17.6,17.7,17.5,26.25,25.8,26.7,1,2,7,5,20.1,14.6,2.2,"AL","M,PG",13,1,14,"GR",0,1,0,0,0,1,1,1,1,0,0,0,0,0,0,0,0,0,0,1,0,0,1,0,0,0,0,0,0,0,0,1,0,0,0,0,0,0,"(1) Cramp, S. (2006) The Birds of the Western Palearctic interactive. Oxford University Press and BirdGuides; (2) Fransson, T., Kolehmainen, T., Kroon, C., Jansson, L. & Wenninger, T. (2010) EURING list of longevity records for European birds."
"305",305,305,"Passeriformes","Fringillidae","Linaria cannabina (Linnaeus, 1758)",13.5,77.85,79,76.7,51.35,51.6,51.1,12.8,12.9,12.7,15.75,15.9,15.6,19.25,19.6,18.9,1,3,7,5,18,13.3,1.66,"AL","M",12,1,9,"GR",1,1,0,1,0,0,0,1,1,0,0,0,1,0,0,0,0,0,0,0,0,0,1,0,0,0,0,0,0,0,0,1,0,0,0,0,0,0,"(1) Cramp, S. (2006) The Birds of the Western Palearctic interactive. Oxford University Press and BirdGuides."
"306",306,306,"Passeriformes","Fringillidae","Linaria flavirostris (Linnaeus, 1758)",14,75.6,76.7,74.5,58.05,58.8,57.3,11.65,11.7,11.6,15.75,15.8,15.7,16,16,16,0,3,7,5.5,17.1,12.8,1.55,"AL","M",13,1,6,"GR",1,0,0,1,0,0,0,0,0,0,1,1,0,0,0,0,0,0,0,0,0,0,1,0,0,0,0,0,0,0,0,1,0,0,0,0,0,0,"(1) Cramp, S. (2006) The Birds of the Western Palearctic interactive. Oxford University Press and BirdGuides."
"307",307,307,"Passeriformes","Fringillidae","Loxia curvirostra Linnaeus, 1758",16.5,97.25,98.3,96.2,57.8,58.4,57.2,22.6,22.9,22.3,18,18,18,41.7,41.2,42.2,1,2,5,4,21.9,15.9,2.95,"AL","M",15,1,14,"GR",1,1,0,0,0,0,1,0,0,0,0,0,0,0,0,0,0,0,0,0,0,0,1,0,0,0,0,0,0,0,0,1,0,0,0,0,0,0,"(1) Cramp, S. (2006) The Birds of the Western Palearctic interactive. Oxford University Press and BirdGuides; (2) Fransson, T., Kolehmainen, T., Kroon, C., Jansson, L. & Wenninger, T. (2010) EURING list of longevity records for European birds."
"313",313,313,"Passeriformes","Fringillidae","Pyrrhula pyrrhula (Linnaeus, 1758)",16,83.5,84.4,82.6,64.55,65.1,64,13.9,13.9,13.9,16.95,17,16.9,31,31,31,1,3,7,4.5,19.9,14.6,2.22,"AL","M",13,1,13,"SO,PA,GR",0,1,0,1,0,1,1,0,0,0,0,0,0,0,0,0,0,0,0,0,1,1,1,0,0,0,0,0,0,1,1,1,0,0,0,0,0,0,"(1) Cramp, S. (2006) The Birds of the Western Palearctic interactive. Oxford University Press and BirdGuides; (2) Fransson, T., Kolehmainen, T., Kroon, C., Jansson, L. & Wenninger, T. (2010) EURING list of longevity records for European birds."
"317",317,317,"Passeriformes","Fringillidae","Spinus spinus (Linnaeus, 1758)",12,72.8,73.7,71.9,46.6,47,46.2,12.95,13,12.9,13.75,13.7,13.8,13.8,14.2,13.4,1,3,6,4,16.4,12.2,1.29,"AL","M",13,1,14,"GR",1,0,0,1,0,1,1,0,0,0,0,0,0,0,0,0,0,0,0,0,0,0,1,0,0,0,0,0,0,0,0,1,0,0,0,0,0,0,"(1) Cramp, S. (2006) The Birds of the Western Palearctic interactive. Oxford University Press and BirdGuides; (2) Fransson, T., Kolehmainen, T., Kroon, C., Jansson, L. & Wenninger, T. (2010) EURING list of longevity records for European birds."
"319",319,319,"Passeriformes","Hirundinidae","Delichon urbicum (Linnaeus, 1758)",12.5,110.55,111.1,110,60.75,61.1,60.4,9.85,9.9,9.8,11.45,11.5,11.4,19.5,19,20,0,1,7,4,18.5,12.9,1.68,"AL","M",15,1,15,"GR",1,0,0,0,1,0,0,0,0,0,0,0,0,0,0,0,0,0,1,1,0,0,0,1,0,0,0,0,0,0,0,0,1,0,0,0,0,0,"(1) Cramp, S. (2006) The Birds of the Western Palearctic interactive. Oxford University Press and BirdGuides; (2) Fransson, T., Kolehmainen, T., Kroon, C., Jansson, L. & Wenninger, T. (2010) EURING list of longevity records for European birds."
"320",320,320,"Passeriformes","Hirundinidae","Hirundo rustica Linnaeus, 1758",18,123.1,124.4,121.8,95.15,103.4,86.9,12.25,12.2,12.3,10.8,10.8,10.8,18.95,19,18.9,0,2,7,4.5,19.7,13.6,1.9,"AL","M,PM",15,1,11,"GR",1,0,0,0,1,0,0,0,0,0,0,1,0,0,0,0,0,0,0,1,0,0,0,1,0,0,0,0,0,0,0,0,1,0,0,0,0,0,"(1) Cramp, S. (2006) The Birds of the Western Palearctic interactive. Oxford University Press and BirdGuides; (2) Fransson, T., Kolehmainen, T., Kroon, C., Jansson, L. & Wenninger, T. (2010) EURING list of longevity records for European birds."
"322",322,322,"Passeriformes","Hirundinidae","Riparia riparia (Linnaeus, 1758)",12,106.6,106.7,106.5,51,51,51,9.9,9.9,9.9,10.45,10.3,10.6,13.5,13,14,0,2,7,5,17.2,12.4,1.4,"AL","M",15,1,10,"GR",0,0,0,0,1,0,0,0,0,0,0,0,0,0,0,0,1,0,0,0,0,0,0,1,1,0,0,0,0,0,0,0,1,1,0,0,0,0,"(1) Cramp, S. (2006) The Birds of the Western Palearctic interactive. Oxford University Press and BirdGuides; (2) Fransson, T., Kolehmainen, T., Kroon, C., Jansson, L. & Wenninger, T. (2010) EURING list of longevity records for European birds."
"337",337,337,"Passeriformes","Motacillidae","Anthus pratensis (Linnaeus, 1758)",14.5,79.25,81.4,77.1,56.35,58,54.7,14.45,14.7,14.2,21.15,21.4,20.9,18.5,18,19,0,2,6,4,19.5,14.4,2.06,"AL","M",13,1,9,"GR",1,0,0,1,0,0,0,0,0,0,1,1,1,0,0,0,0,0,0,0,0,0,0,1,1,0,0,0,0,0,0,0,1,1,0,0,0,0,"(1) Cramp, S. (2006) The Birds of the Western Palearctic interactive. Oxford University Press and BirdGuides; (2) Fransson, T., Kolehmainen, T., Kroon, C., Jansson, L. & Wenninger, T. (2010) EURING list of longevity records for European birds."
"341",341,341,"Passeriformes","Motacillidae","Motacilla alba Linnaeus, 1758",18,89.9,91.8,88,83.3,85,81.6,15.95,16.1,15.8,23.5,23.8,23.2,20.5,20.6,20.4,1,3,8,5.5,20.4,15.2,2.33,"AL","M",13,1,14,"GR,SO",1,1,0,1,0,0,0,0,0,0,0,1,0,0,0,0,1,0,0,1,0,0,0,1,1,0,0,0,0,0,0,0,1,1,0,0,0,0,"(1) Cramp, S. (2006) The Birds of the Western Palearctic interactive. Oxford University Press and BirdGuides; (2) Fransson, T., Kolehmainen, T., Kroon, C., Jansson, L. & Wenninger, T. (2010) EURING list of longevity records for European birds."
"342",342,342,"Passeriformes","Motacillidae","Motacilla cinerea Tunstall, 1771",18.5,84.4,85,83.8,96.85,97.9,95.8,16,16.1,15.9,20.7,20.8,20.6,17.85,18.1,17.6,1,3,7,5,19.3,14.6,2,"AL","M",13,1,8,"GR,SO",1,0,0,1,0,0,0,0,1,0,0,0,0,0,0,0,1,0,0,0,0,0,0,1,0,0,0,0,0,0,0,0,1,0,0,0,0,0,"(1) Cramp, S. (2006) The Birds of the Western Palearctic interactive. Oxford University Press and BirdGuides; (2) Fransson, T., Kolehmainen, T., Kroon, C., Jansson, L. & Wenninger, T. (2010) EURING list of longevity records for European birds."
"348",348,348,"Passeriformes","Muscicapidae","Erithacus rubecula (Linnaeus, 1758)",14,72.05,73.2,70.9,56.05,56.9,55.2,14.5,14.5,14.5,25.7,25.8,25.6,17.55,16.6,18.5,0,2,8,5,19.6,15,2.4,"AL","M",14,1,19,"SO",1,1,0,1,0,1,1,1,1,0,0,0,0,0,0,0,0,0,0,0,0,1,1,1,1,0,0,0,0,0,0,0,1,1,0,0,0,0,"(1) Cramp, S. (2006) The Birds of the Western Palearctic interactive. Oxford University Press and BirdGuides; (2) Fransson, T., Kolehmainen, T., Kroon, C., Jansson, L. & Wenninger, T. (2010) EURING list of longevity records for European birds."
"357",357,357,"Passeriformes","Muscicapidae","Muscicapa striata (Pallas, 1764)",14.5,85.9,85.8,86,60.85,60.8,60.9,15.45,15.4,15.5,14.65,14.6,14.7,16.3,16.3,16.3,0,2,7,5,18.7,14,1.9,"AL","M",13,1,11,"SO",1,0,0,0,1,1,1,1,0,0,0,0,0,0,0,0,0,0,0,1,0,1,0,1,0,0,0,0,0,0,0,0,1,0,0,0,0,0,"(1) Cramp, S. (2006) The Birds of the Western Palearctic interactive. Oxford University Press and BirdGuides; (2) Fransson, T., Kolehmainen, T., Kroon, C., Jansson, L. & Wenninger, T. (2010) EURING list of longevity records for European birds; (3) Myhrvold, N.P., Baldridge, E., Chan, B., Sivam, D., Freeman, D.L. & Ernest, S.K.M. (2015). An amniote life-history database to perform comparative analyses with birds, mammals, and reptiles. Ecology 96:3109.  "
"363",363,363,"Passeriformes","Muscicapidae","Oenanthe oenanthe (Linnaeus, 1758)",15,96.4,98.1,94.7,53,54.5,51.5,17.3,17.5,17.1,26.95,27.2,26.7,22.95,23.6,22.3,1,2,9,5.5,21,15.8,2.83,"AL","M",13,1,10,"SO",1,0,0,0,1,0,0,0,0,0,1,1,1,0,0,0,0,0,1,0,0,0,0,1,1,0,0,0,0,0,0,0,1,1,0,0,0,0,"(1) Cramp, S. (2006) The Birds of the Western Palearctic interactive. Oxford University Press and BirdGuides; (2) Fransson, T., Kolehmainen, T., Kroon, C., Jansson, L. & Wenninger, T. (2010) EURING list of longevity records for European birds."
"366",366,366,"Passeriformes","Muscicapidae","Phoenicurus ochruros (S. G. Gmelin, 1774)",14.5,86.5,87.6,85.4,59.6,60.8,58.4,15.05,15.2,14.9,23.35,23.4,23.3,16,15.8,16.2,1,2,8,5,19.4,14.4,2.16,"AL","M",15,1,10,"SO,PA",1,1,0,1,0,0,0,0,0,0,0,0,0,0,0,0,0,0,1,1,0,1,0,1,1,0,0,0,0,0,1,0,1,1,0,0,0,0,"(1) Cramp, S. (2006) The Birds of the Western Palearctic interactive. Oxford University Press and BirdGuides; (2) Fransson, T., Kolehmainen, T., Kroon, C., Jansson, L. & Wenninger, T. (2010) EURING list of longevity records for European birds."
"368",368,368,"Passeriformes","Muscicapidae","Saxicola rubetra (Linnaeus, 1758)",12.5,76.45,77.1,75.8,44,44.9,43.1,14.8,14.8,14.8,22.3,22.2,22.4,16.6,16.5,16.7,1,2,7,5.5,18.9,14.3,2.06,"AL","M",13,1,7,"SO",1,0,0,0,1,0,0,0,0,0,0,1,0,0,0,0,0,0,0,0,0,0,1,1,1,0,0,0,0,0,0,0,1,1,0,0,0,0,"(1) Cramp, S. (2006) The Birds of the Western Palearctic interactive. Oxford University Press and BirdGuides; (2) Fransson, T., Kolehmainen, T., Kroon, C., Jansson, L. & Wenninger, T. (2010) EURING list of longevity records for European birds."
"369",369,369,"Passeriformes","Muscicapidae","Saxicola torquatus (Linnaeus, 1766)",12.5,66.1,66.6,65.6,45.45,45.9,45,15.25,15.2,15.3,22.95,22.9,23,14.5,14.2,14.8,1,2,7,5,17.9,14.1,1.87,"AL","M",14,1,9,"SO,PA",1,1,0,1,0,0,0,0,1,0,0,0,0,0,0,0,0,0,0,0,0,0,0,1,1,0,0,0,0,0,0,0,1,1,0,0,0,0,"(1) Cramp, S. (2006) The Birds of the Western Palearctic interactive. Oxford University Press and BirdGuides; (2) Fransson, T., Kolehmainen, T., Kroon, C., Jansson, L. & Wenninger, T. (2010) EURING list of longevity records for European birds."
"373",373,373,"Passeriformes","Paridae","Cyanistes caeruleus (Linnaeus, 1758)",11.5,66.25,67.5,65,50.55,51.5,49.6,9.05,9.1,9,17.2,17.6,16.8,11.5,11.5,11.5,0,6,16,11,15.6,11.9,1.14,"AL","M",14,1,12,"GR",1,1,0,0,0,1,0,1,0,0,0,0,0,0,0,0,0,0,0,1,0,0,1,1,1,0,0,0,0,0,0,0,1,1,0,0,0,0,"(1) Cramp, S. (2006) The Birds of the Western Palearctic interactive. Oxford University Press and BirdGuides."
"376",376,376,"Passeriformes","Paridae","Parus major Linnaeus, 1758",14,75.5,77,74,60.55,62.7,58.4,12.5,12.6,12.4,20.3,20.8,19.8,18.25,18.9,17.6,0,3,18,10,17.8,13.6,1.7,"AL","M",14,1,15,"GR",1,1,0,0,0,1,1,1,0,0,0,0,0,0,0,0,0,0,0,1,0,0,1,1,1,0,0,0,0,0,0,0,1,1,0,0,0,0,"(1) Cramp, S. (2006) The Birds of the Western Palearctic interactive. Oxford University Press and BirdGuides."
"377",377,377,"Passeriformes","Paridae","Periparus ater (Linnaeus, 1758)",11.5,61.65,62.8,60.5,44.9,45.7,44.1,10.85,10.9,10.8,17.25,17.4,17.1,9.8,9.8,9.8,0,5,13,8.5,15.3,11.7,1.04,"AL","M",15,1,10,"GR",1,1,0,0,0,0,1,0,0,0,0,0,0,0,0,0,0,0,0,0,0,0,1,1,1,0,0,0,0,0,0,0,1,1,0,0,0,0,"(1) Cramp, S. (2006) The Birds of the Western Palearctic interactive. Oxford University Press and BirdGuides."
"383",383,383,"Passeriformes","Passeridae","Passer domesticus (Linnaeus, 1758)",14.5,78.1,79.6,76.6,55.6,56.3,54.9,15.55,15.5,15.6,19.75,19.9,19.6,29.25,29.5,29,1,2,7,4.5,22.2,15.7,2.89,"AL","M",13,1,20,"GR",0,1,0,0,0,0,0,1,1,0,0,0,0,0,0,0,0,0,0,1,0,0,1,1,0,0,0,0,0,0,0,1,0,0,0,0,0,0,"(1) Cramp, S. (2006) The Birds of the Western Palearctic interactive. Oxford University Press and BirdGuides; (2) Fransson, T., Kolehmainen, T., Kroon, C., Jansson, L. & Wenninger, T. (2010) EURING list of longevity records for European birds."
"386",386,386,"Passeriformes","Passeridae","Passer montanus (Linnaeus, 1758)",14,69.95,71.3,68.6,51.75,52.5,51,13.2,13.3,13.1,17.95,18,17.9,22.8,22.8,22.8,0,1,8,5,18.9,14,2.11,"AL","M",13,1,13,"GR",0,1,0,0,0,1,0,1,1,0,0,0,0,0,0,0,0,0,0,0,0,0,1,1,1,0,0,0,0,0,0,1,1,1,0,0,0,0,"(1) Cramp, S. (2006) The Birds of the Western Palearctic interactive. Oxford University Press and BirdGuides."
"390",390,390,"Passeriformes","Phylloscopidae","Phylloscopus collybita (Vieillot, 1817)",10.5,59.65,61.9,57.4,48.1,49.8,46.4,11.15,11.2,11.1,18.85,19.1,18.6,7.7,8.2,7.2,0,3,9,5.5,15.2,12.1,1.21,"AL","M,PG",14,1,8,"SO",1,0,0,1,1,1,1,0,0,0,0,0,0,0,0,0,0,0,0,0,0,0,0,1,0,0,0,0,0,0,0,0,1,0,0,0,0,0,"(1) Cramp, S. (2006) The Birds of the Western Palearctic interactive. Oxford University Press and BirdGuides."
"395",395,395,"Passeriformes","Phylloscopidae","Phylloscopus trochilus (Linnaeus, 1758)",11,65.65,68.2,63.1,50.85,52.7,49,11.8,11.9,11.7,19.15,19.5,18.8,9.1,9.3,8.9,0,3,9,6,15.4,12.3,1.2,"AL","M,PG",13,1,11,"SO,GR",1,0,0,0,1,1,1,1,1,0,1,0,0,0,0,0,0,0,0,0,0,0,0,1,1,0,0,0,0,0,0,0,1,1,0,0,0,0,"(1) Cramp, S. (2006) The Birds of the Western Palearctic interactive. Oxford University Press and BirdGuides; (2) Fransson, T., Kolehmainen, T., Kroon, C., Jansson, L. & Wenninger, T. (2010) EURING list of longevity records for European birds."
"398",398,398,"Passeriformes","Prunellidae","Prunella modularis (Linnaeus, 1758)",14.5,69.8,70.9,68.7,57.3,58,56.6,14.6,14.7,14.5,21,21.1,20.9,21.25,21.4,21.1,0,3,7,5,19.5,14.6,2.21,"AL","M,PG,PA",13,1,21,"SO",1,1,0,1,0,1,1,1,1,0,0,0,0,0,0,0,0,0,0,0,0,0,1,1,0,0,0,0,0,0,0,0,1,0,0,0,0,0,"(1) Cramp, S. (2006) The Birds of the Western Palearctic interactive. Oxford University Press and BirdGuides; (2) Fransson, T., Kolehmainen, T., Kroon, C., Jansson, L. & Wenninger, T. (2010) EURING list of longevity records for European birds."
"401",401,401,"Passeriformes","Regulidae","Regulus regulus (Linnaeus, 1758)",9,53.35,54.4,52.3,40.6,41.3,39.9,10.45,10.3,10.6,16.6,16.8,16.4,5.4,5.5,5.3,0,6,13,10,13.6,10.4,0.78,"AL","M",16,1,5,"GR",1,1,0,1,0,0,1,0,0,0,0,0,0,0,0,0,0,0,0,0,0,0,0,1,1,0,0,0,0,0,0,0,1,1,0,0,0,0,"(1) Cramp, S. (2006) The Birds of the Western Palearctic interactive. Oxford University Press and BirdGuides; (2) Fransson, T., Kolehmainen, T., Kroon, C., Jansson, L. & Wenninger, T. (2010) EURING list of longevity records for European birds."
"413",413,413,"Passeriformes","Sturnidae","Sturnus vulgaris Linnaeus, 1758",21.5,130,131.6,128.4,62.95,64.1,61.8,28.85,29.3,28.4,30.1,30.5,29.7,80.55,82.7,78.4,1,4,7,5,29.7,21.2,7,"AL","M,PG",12,2,23,"GR",1,1,0,1,0,1,0,1,0,0,0,1,0,0,0,0,0,0,0,1,0,1,1,1,1,0,0,0,0,0,0,0,1,1,0,0,0,0,"(1) Cramp, S. (2006) The Birds of the Western Palearctic interactive. Oxford University Press and BirdGuides; (2) Fransson, T., Kolehmainen, T., Kroon, C., Jansson, L. & Wenninger, T. (2010) EURING list of longevity records for European birds."
"414",414,414,"Passeriformes","Sylviidae","Sylvia atricapilla (Linnaeus, 1758)",13,74.25,74.4,74.1,58.85,58.9,58.8,14.45,14.3,14.6,20.7,20.6,20.8,18.6,18,19.2,1,2,7,5,19.7,14.7,2.19,"AL","M",13,1,14,"SO",1,1,0,1,0,1,1,0,0,0,0,0,0,0,0,0,0,0,0,0,0,1,0,1,0,0,0,0,0,0,0,0,1,0,0,0,0,0,"(1) Cramp, S. (2006) The Birds of the Western Palearctic interactive. Oxford University Press and BirdGuides; (2) Fransson, T., Kolehmainen, T., Kroon, C., Jansson, L. & Wenninger, T. (2010) EURING list of longevity records for European birds."
"417",417,417,"Passeriformes","Sylviidae","Sylvia communis Latham, 1787",14,72.35,73.4,71.3,60.85,61.4,60.3,14,14,14,21.6,21.9,21.3,14.75,14.4,15.1,1,1,7,4.5,18.2,13.8,1.78,"AL","M",11,1,9,"SO",1,0,0,0,1,0,0,1,1,0,0,0,0,0,0,0,0,0,0,0,0,1,0,1,0,0,0,0,0,0,0,0,1,0,0,0,0,0,"(1) Cramp, S. (2006) The Birds of the Western Palearctic interactive. Oxford University Press and BirdGuides; (2) Fransson, T., Kolehmainen, T., Kroon, C., Jansson, L. & Wenninger, T. (2010) EURING list of longevity records for European birds."
"427",427,427,"Passeriformes","Troglodytidae","Troglodytes troglodytes (Linnaeus, 1758)",9.5,47.75,49.3,46.2,30.95,31.5,30.4,13.65,14,13.3,17.5,17.9,17.1,8.9,10,7.8,0,3,9,6.5,16.4,12.6,1.32,"AL","M,PG",16,1,7,"SO",1,1,0,1,0,1,1,1,0,0,0,0,0,0,0,0,0,0,0,0,0,0,0,1,0,0,0,0,0,0,0,0,1,0,0,0,0,0,"(1) Cramp, S. (2006) The Birds of the Western Palearctic interactive. Oxford University Press and BirdGuides; (3) Myhrvold, N.P., Baldridge, E., Chan, B., Sivam, D., Freeman, D.L. & Ernest, S.K.M. (2015). An amniote life-history database to perform comparative analyses with birds, mammals, and reptiles. Ecology 96:3109. "
"428",428,428,"Passeriformes","Turdidae","Turdus iliacus Linnaeus, 1758",21,115.2,116.1,114.3,80.85,81.8,79.9,14.45,14.6,14.3,29,29.3,28.7,62.85,63.3,62.4,0,3,7,5,25.9,19.5,14.9,"AL","M",13,1,17,"GR",1,0,0,1,0,1,1,1,1,0,0,0,0,0,0,0,0,0,0,0,0,1,0,1,1,0,0,0,0,0,0,0,1,1,0,0,0,0,"(1) Cramp, S. (2006) The Birds of the Western Palearctic interactive. Oxford University Press and BirdGuides; (2) Fransson, T., Kolehmainen, T., Kroon, C., Jansson, L. & Wenninger, T. (2010) EURING list of longevity records for European birds."
"429",429,429,"Passeriformes","Turdidae","Turdus merula Linnaeus, 1758",24.5,126.5,129,124,107.4,108.8,106,17.2,17.3,17.1,33.7,34.2,33.2,97,95.5,98.5,1,2,6,4,29.3,21.4,7.2,"AL","M",13,1,22,"GR",1,1,0,1,0,1,1,1,1,0,0,0,0,0,0,0,0,0,0,1,0,1,0,1,1,0,0,0,0,0,0,0,1,1,0,0,0,0,"(1) Cramp, S. (2006) The Birds of the Western Palearctic interactive. Oxford University Press and BirdGuides; (2) Fransson, T., Kolehmainen, T., Kroon, C., Jansson, L. & Wenninger, T. (2010) EURING list of longevity records for European birds."
"430",430,430,"Passeriformes","Turdidae","Turdus philomelos C. L. Brehm, 1831",23,114.9,115.7,114.1,84.35,85.2,83.5,14.25,14,14.5,32.2,32.1,32.3,76,76,76,0,2,6,4,27.7,20.6,6.2,"AL","M",13,1,18,"SO",1,1,0,1,0,1,1,1,1,0,0,0,0,0,0,0,0,0,0,1,0,1,0,1,1,0,0,0,0,0,0,0,1,1,0,0,0,0,"(1) Cramp, S. (2006) The Birds of the Western Palearctic interactive. Oxford University Press and BirdGuides; (2) Fransson, T., Kolehmainen, T., Kroon, C., Jansson, L. & Wenninger, T. (2010) EURING list of longevity records for European birds."
"431",431,431,"Passeriformes","Turdidae","Turdus pilaris Linnaeus, 1758",25.5,144.7,146.8,142.6,106.4,108.4,104.4,15.6,15.7,15.5,33.6,33.6,33.6,105.05,106.7,103.4,0,3,7,5.5,28.8,21,6.3,"AL","M",12,1,18,"GR",1,0,0,1,0,1,1,1,0,0,0,0,0,0,0,0,0,0,0,0,0,1,0,1,1,0,0,0,0,0,0,0,1,1,0,0,0,0,"(1) Cramp, S. (2006) The Birds of the Western Palearctic interactive. Oxford University Press and BirdGuides."
"434",434,434,"Passeriformes","Turdidae","Turdus viscivorus Linnaeus, 1758",27,152.25,153.9,150.6,112.45,113.8,111.1,15.7,15.9,15.5,33.05,33.4,32.7,117.7,112.2,123.2,0,3,6,4,30.2,22.3,7.8,"AL","M",14,1,21,"GR",1,1,0,1,0,1,1,0,0,0,0,0,0,0,0,0,0,0,0,0,0,1,0,1,1,0,0,0,0,0,0,0,1,1,0,0,0,0,"(1) Cramp, S. (2006) The Birds of the Western Palearctic interactive. Oxford University Press and BirdGuides; (2) Fransson, T., Kolehmainen, T., Kroon, C., Jansson, L. & Wenninger, T. (2010) EURING list of longevity records for European birds."
"437",437,437,"Pelecaniformes","Ardeidae","Ardea cinerea Linnaeus, 1758",94,450,457,443,170,174,166,116,120,112,146,151,141,1433,1505,1361,0,1,10,4.5,61,43,60,"SA","M",26,2,37,"GR,SO",1,0,0,1,0,0,0,0,0,0,0,0,0,0,0,0,1,0,0,0,0,0,0,1,0,1,1,0,0,0,0,0,1,0,1,0,0,0,"(1) Cramp, S. (2006) The Birds of the Western Palearctic interactive. Oxford University Press and BirdGuides; (2) Fransson, T., Kolehmainen, T., Kroon, C., Jansson, L. & Wenninger, T. (2010) EURING list of longevity records for European birds."
"442",442,442,"Pelecaniformes","Ardeidae","Egretta garzetta (Linnaeus, 1766)",60,287.65,297.3,278,95.75,97.9,93.6,87.95,90.2,85.7,107.15,110.4,103.9,532.5,555,510,0,3,8,4,46,34,24.5,"SA","M",22,2,22,"GR,SO",1,0,0,0,1,0,0,0,0,0,0,1,0,0,1,0,1,1,0,0,0,0,0,1,1,1,0,0,0,0,0,0,1,0,1,0,0,0,"(1) Cramp, S. (2006) The Birds of the Western Palearctic interactive. Oxford University Press and BirdGuides; (2) Fransson, T., Kolehmainen, T., Kroon, C., Jansson, L. & Wenninger, T. (2010) EURING list of longevity records for European birds."
"465",465,465,"Podicipediformes","Podicipedidae","Tachybaptus ruficollis (Pallas, 1764)",27,100.2,101.4,99,1,1,1,17.95,18.9,17,35.3,36,34.6,135,140,130,0,2,7,5,38,26,14,"PR","M",21,2,17.5,"SO,PA,GR",1,0,0,1,0,0,0,0,0,0,0,0,0,0,0,0,1,0,0,0,0,0,0,1,1,1,0,0,0,0,0,0,1,1,0,0,0,0,"(1) Cramp, S. (2006) The Birds of the Western Palearctic interactive. Oxford University Press and BirdGuides; (2) Fransson, T., Kolehmainen, T., Kroon, C., Jansson, L. & Wenninger, T. (2010) EURING list of longevity records for European birds; (3) Myhrvold, N.P., Baldridge, E., Chan, B., Sivam, D., Freeman, D.L. & Ernest, S.K.M. (2015). An amniote life-history database to perform comparative analyses with birds, mammals, and reptiles. Ecology 96:3109.  "
"485",485,485,"Strigiformes","Strigidae","Asio otus (Linnaeus, 1758)",36,296.5,294,299,139,137,141,28.15,27.4,28.9,39.05,38.2,39.9,255.5,233,278,0,1,6,4,40,32,22,"AL","M",28,1,18,"SO",1,1,0,0,0,0,1,1,0,0,0,0,0,0,0,0,0,0,0,0,0,0,0,0,0,0,1,0,0,0,0,0,0,0,0,1,0,0,"(1) Cramp, S. (2006) The Birds of the Western Palearctic interactive. Oxford University Press and BirdGuides; (2) Fransson, T., Kolehmainen, T., Kroon, C., Jansson, L. & Wenninger, T. (2010) EURING list of longevity records for European birds."
"495",495,495,"Strigiformes","Tytonidae","Tyto alba (Scopoli, 1769)",34,288.5,288,289,115,115,115,31.3,31,31.6,56.6,56.8,56.4,354,313,395,1,2,14,5.5,41,32,21.5,"AL","M",31,1,18,"SO,PA",1,1,0,0,0,0,0,1,0,0,0,0,0,0,0,0,0,0,0,1,0,0,0,0,0,0,1,0,0,0,0,0,0,0,0,1,0,0,"(1) Cramp, S. (2006) The Birds of the Western Palearctic interactive. Oxford University Press and BirdGuides; (2) Fransson, T., Kolehmainen, T., Kroon, C., Jansson, L. & Wenninger, T. (2010) EURING list of longevity records for European birds."
"498",498,498,"Suliformes","Phalacrocoracidae","Phalacrocorax carbo (Linnaeus, 1758)",90,348,357,339,152,154,150,66.65,69.6,63.7,72.3,74,70.6,2254,2423,2085,0,3,6,3.5,64.5,40.5,55.5,"AL","M",30,4,27,"GR",1,0,0,1,0,0,0,0,0,0,0,0,0,0,0,0,1,1,0,0,0,0,0,0,0,1,0,0,0,0,0,0,0,0,1,0,0,0,"(1) Cramp, S. (2006) The Birds of the Western Palearctic interactive. Oxford University Press and BirdGuides; (2) Fransson, T., Kolehmainen, T., Kroon, C., Jansson, L. & Wenninger, T. (2010) EURING list of longevity records for European birds."
